Profile Name,Start Time,Duration,Attributes,Title,Supplemental Video Type,Device Type,Bookmark,Latest Bookmark,Country
User1,7/28/2022 4:22,0:00:25,Autoplayed: user action: None; ,Season 1 Trailer: Heartstopper,TRAILER,Worlds Best TV,0:00:25,0:00:25,US (United States)
User1,7/28/2022 4:21,0:00:07,Autoplayed: user action: None; ,Season 5 Trailer: Jurassic World Camp Cretaceous,TRAILER,Worlds Best TV,0:00:07,0:00:07,US (United States)
User1,7/28/2022 4:21,0:00:18,Autoplayed: user action: None; ,Extinct: Clip: Genre Specific Moment,HOOK,Worlds Best TV,0:00:18,0:00:18,US (United States)
User1,7/28/2022 4:20,0:00:09,Autoplayed: user action: None; ,Trailer: Finding ‘Ohana,TRAILER,Worlds Best TV,0:00:09,0:00:09,US (United States)
User1,7/28/2022 4:20,0:00:13,Autoplayed: user action: None; ,Te Ata_hook_05_16x9,HOOK,Worlds Best TV,0:00:13,0:00:13,US (United States)
User1,7/28/2022 4:19,0:00:13,Autoplayed: user action: None; ,Sing 2_hook_02_16x9,HOOK,Worlds Best TV,0:00:13,0:00:13,US (United States)
User1,7/28/2022 4:18,0:00:04,Autoplayed: user action: None; ,The Vampire Diaries: Season 1_hook_primary_16x9,HOOK,Worlds Best TV,0:00:04,0:00:04,US (United States)
User1,7/28/2022 4:17,0:00:22,Autoplayed: user action: None; ,Grey's Anatomy: Season 1_hook_primary_16x9,HOOK,Worlds Best TV,0:00:22,0:00:22,US (United States)
User1,7/28/2022 4:17,0:00:38,Autoplayed: user action: None; ,Supporting Character Clip: The Sea Beast,HOOK,Worlds Best TV,0:00:38,0:00:38,US (United States)
User1,7/28/2022 4:16,0:00:09,Autoplayed: user action: None; ,Miraculous: Tales of Ladybug & Cat Noir: Season 2 part 2_hook_primary_16x9,HOOK,Worlds Best TV,0:00:13,0:00:13,US (United States)
User1,7/28/2022 4:15,0:00:26,Autoplayed: user action: None; ,Cocomelon: Season 1_hook_02_16x9,HOOK,Worlds Best TV,0:00:26,0:00:26,US (United States)
User1,1/7/2021 2:33,2:06:58,,Mud,,Worlds Best TV,2:06:58,2:06:58,US (United States)
User1,1/2/2021 3:57,0:00:40,Autoplayed: user action: Unspecified; ,The Spy Next Door,,Worlds Best TV,0:01:48,0:01:48,US (United States)
User1,12/31/2020 18:20,0:00:23,Autoplayed: user action: Unspecified; ,Agatha and the Truth of Murder,,Worlds Best TV,0:00:23,0:00:23,US (United States)
User1,12/31/2020 16:50,1:17:05,,The Battered Bastards of Baseball,,Worlds Best TV,1:17:27,1:17:27,US (United States)
User1,12/31/2020 16:36,0:00:53,Autoplayed: user action: Unspecified; ,The Battered Bastards of Baseball,,Worlds Best TV,0:00:53,Not latest view,US (United States)
User1,12/31/2020 16:26,0:00:47,Autoplayed: user action: Unspecified; ,Mystic Pizza,,Worlds Best TV,0:02:28,0:02:28,US (United States)
User1,12/26/2020 1:05,0:00:03,Autoplayed: user action: None; ,The Spy Next Door,,Worlds Best TV,0:00:03,Not latest view,US (United States)
User1,12/25/2020 15:53,0:00:16,Autoplayed: user action: Unspecified; ,The Christmas Chronicles: Part Two,,Worlds Best TV,0:00:49,0:00:49,US (United States)
User1,12/25/2020 15:53,0:00:01,Autoplayed: user action: None; ,The Christmas Chronicles: Part Two,,Worlds Best TV,0:00:01,Not latest view,US (United States)
User1,12/20/2020 2:54,0:00:22,Autoplayed: user action: None; ,Jeopardy!: Season 34: Episode #7597,,Worlds Best TV,0:00:22,0:00:22,US (United States)
User1,12/18/2020 1:21,0:00:32,Autoplayed: user action: Unspecified; ,Red Dragon,,Worlds Best TV,0:01:48,0:01:48,US (United States)
User1,12/18/2020 1:20,0:00:14,Autoplayed: user action: None; ,Hannibal: Season 1: Apéritif (Episode 1),,Worlds Best TV,0:00:14,0:00:14,US (United States)
User1,12/12/2020 1:17,0:02:40,,Long Shot,,Worlds Best TV,0:02:40,0:02:40,US (United States)
User1,12/5/2020 3:20,0:48:48,,The Da Vinci Code,,Worlds Best TV,2:21:52,2:21:52,US (United States)
User1,12/5/2020 3:15,0:00:01,,The Da Vinci Code,,Worlds Best TV,1:33:05,Not latest view,US (United States)
User1,12/5/2020 1:56,1:06:47,,The Da Vinci Code,,Worlds Best TV,1:33:07,Not latest view,US (United States)
User1,12/5/2020 1:42,0:02:01,,The Da Vinci Code,,Worlds Best TV,0:26:21,Not latest view,US (United States)
User1,12/5/2020 1:10,0:04:28,,The Da Vinci Code,,Worlds Best TV,0:24:29,Not latest view,US (United States)
User1,12/4/2020 23:45,0:21:57,,The Da Vinci Code,,Worlds Best TV,0:20:01,Not latest view,US (United States)
User1,12/4/2020 23:36,0:03:18,Autoplayed: user action: Unspecified; ,The Da Vinci Code,,Worlds Best TV,0:03:18,Not latest view,US (United States)
User1,12/4/2020 23:35,0:00:10,Autoplayed: user action: None; ,Jeopardy!: Champion Run IV: Josh Hill: Game 1 (Episode 1),,Worlds Best TV,0:01:36,0:01:36,US (United States)
User1,12/4/2020 20:41,0:53:27,,Hillbilly Elegy,,Worlds Best TV,1:51:30,1:51:30,US (United States)
User1,12/4/2020 19:33,0:58:05,,Hillbilly Elegy,,Worlds Best TV,0:58:05,Not latest view,US (United States)
User1,12/4/2020 18:28,0:57:56,Autoplayed: user action: Unspecified; ,Frida,,Worlds Best TV,1:57:30,1:57:30,US (United States)
User1,12/4/2020 18:21,0:01:43,Autoplayed: user action: Unspecified; ,There Will Be Blood,,Worlds Best TV,0:01:43,0:01:43,US (United States)
User1,12/4/2020 18:15,0:00:19,Autoplayed: user action: None; ,Jeopardy!: Champion Run IV: Josh Hill: Game 1 (Episode 1),,Worlds Best TV,0:01:46,Not latest view,US (United States)
User1,12/3/2020 18:11,0:01:28,Autoplayed: user action: Unspecified; ,Jeopardy!: Champion Run IV: Josh Hill: Game 1 (Episode 1),,Worlds Best TV,0:01:28,Not latest view,US (United States)
User1,11/20/2020 15:35,0:29:12,Autoplayed: user action: Unspecified; ,Red Dragon,,Worlds Best TV,2:00:33,Not latest view,US (United States)
User1,11/20/2020 15:32,0:02:27,Autoplayed: user action: None; ,Red Dragon,,Worlds Best TV,1:31:24,Not latest view,US (United States)
User1,11/20/2020 2:26,1:14:39,,Red Dragon,,Worlds Best TV,1:29:04,Not latest view,US (United States)
User1,11/20/2020 1:58,0:14:28,Autoplayed: user action: Unspecified; ,Red Dragon,,Worlds 2nd Best TV,0:14:28,Not latest view,US (United States)
User1,11/19/2020 19:13,0:35:18,,Fargo,,Worlds 2nd Best TV,1:34:47,1:34:47,US (United States)
User1,11/19/2020 18:38,0:17:31,,Fargo,,Worlds 2nd Best TV,0:59:30,Not latest view,US (United States)
User1,11/19/2020 17:45,0:42:08,Autoplayed: user action: None; ,Fargo,,Worlds 2nd Best TV,0:42:08,Not latest view,US (United States)
User1,11/9/2020 2:50,0:23:13,,Snowden,,Worlds 2nd Best TV,0:46:26,0:46:26,US (United States)
User1,11/9/2020 2:17,0:18:12,,Snowden,,Worlds 2nd Best TV,0:23:19,Not latest view,US (United States)
User1,11/9/2020 2:06,0:05:08,Autoplayed: user action: Unspecified; ,Snowden,,Worlds 2nd Best TV,0:05:08,Not latest view,US (United States)
User1,11/9/2020 2:05,0:00:22,Autoplayed: user action: None; ,Sherlock: Series 2: The Hounds of Baskerville (Episode 2),,Worlds 2nd Best TV,1:23:58,1:23:58,US (United States)
User1,11/6/2020 20:47,0:31:56,,Sherlock: Series 2: The Hounds of Baskerville (Episode 2),,Worlds 2nd Best TV,1:23:37,Not latest view,US (United States)
User1,11/6/2020 20:14,0:23:50,,Sherlock: Series 2: The Hounds of Baskerville (Episode 2),,Worlds 2nd Best TV,0:51:45,Not latest view,US (United States)
User1,11/6/2020 19:42,0:26:18,,Sherlock: Series 2: The Hounds of Baskerville (Episode 2),,Worlds 2nd Best TV,0:27:56,Not latest view,US (United States)
User1,11/6/2020 19:29,0:01:43,,Sherlock: Series 2: The Hounds of Baskerville (Episode 2),,Worlds 2nd Best TV,0:01:43,Not latest view,US (United States)
User1,11/6/2020 19:28,0:00:04,Autoplayed: user action: None; ,Sherlock: Series 1: The Blind Banker (Episode 2),,Worlds 2nd Best TV,0:00:04,0:00:04,US (United States)
User1,11/6/2020 3:21,1:05:07,Autoplayed: user action: None; ,The Queen's Gambit: Limited Series: End Game (Episode 7),,Worlds 2nd Best TV,1:05:12,1:05:12,US (United States)
User1,11/6/2020 2:24,0:51:53,,The Queen's Gambit: Limited Series: Adjournment (Episode 6),,Worlds 2nd Best TV,0:57:21,0:57:21,US (United States)
User1,11/6/2020 1:53,0:05:28,Autoplayed: user action: Unspecified; ,The Queen's Gambit: Limited Series: Adjournment (Episode 6),,Worlds 2nd Best TV,0:05:33,Not latest view,US (United States)
User1,11/6/2020 1:28,0:25:40,,The Queen's Gambit: Limited Series: Fork (Episode 5),,Worlds 2nd Best TV,0:45:35,0:45:35,US (United States)
User1,11/6/2020 1:00,0:19:53,Autoplayed: user action: Unspecified; ,The Queen's Gambit: Limited Series: Fork (Episode 5),,Worlds 2nd Best TV,0:19:59,Not latest view,US (United States)
User1,11/6/2020 0:14,0:45:53,Autoplayed: user action: None; ,The Queen's Gambit: Limited Series: Middle Game (Episode 4),,Worlds 2nd Best TV,0:45:57,0:45:57,US (United States)
User1,11/5/2020 23:32,0:41:59,,The Queen's Gambit: Limited Series: Doubled Pawns (Episode 3),,Worlds 2nd Best TV,0:43:38,0:43:38,US (United States)
User1,11/5/2020 23:25,0:01:36,Autoplayed: user action: None; ,The Queen's Gambit: Limited Series: Doubled Pawns (Episode 3),,Worlds 2nd Best TV,0:01:41,Not latest view,US (United States)
User1,11/5/2020 22:27,0:57:37,,The Queen's Gambit: Limited Series: Exchanges (Episode 2),,Worlds 2nd Best TV,1:02:26,1:02:26,US (United States)
User1,11/5/2020 22:04,0:05:34,Autoplayed: user action: None; ,The Queen's Gambit: Limited Series: Exchanges (Episode 2),,Worlds 2nd Best TV,0:05:38,Not latest view,US (United States)
User1,11/5/2020 21:02,0:56:34,Autoplayed: user action: Unspecified; ,The Queen's Gambit: Limited Series: Openings (Episode 1),,Worlds 2nd Best TV,0:56:34,0:56:34,US (United States)
User1,10/30/2020 5:43,0:00:14,Autoplayed: user action: Unspecified; ,The Silence of the Lambs,,Worlds 2nd Best TV,0:00:14,0:00:14,US (United States)
User2,10/29/2020 17:19,0:02:24,Autoplayed: user action: None; ,The Twilight Zone (Original Series): Season 5: Steel (Episode 2),,Worlds 2nd Best TV,0:02:54,0:02:54,US (United States)
User2,10/29/2020 16:54,0:24:07,Autoplayed: user action: Unspecified; ,The Twilight Zone (Original Series): Season 5: In Praise of Pip (Episode 1),,Worlds 2nd Best TV,0:24:29,0:24:29,US (United States)
User2,10/25/2020 2:53,1:10:10,,One Flew Over the Cuckoo's Nest,,Worlds 2nd Best TV,2:11:41,2:11:41,US (United States)
User2,10/25/2020 1:35,1:01:34,Autoplayed: user action: Unspecified; ,One Flew Over the Cuckoo's Nest,,Worlds 2nd Best TV,1:01:34,Not latest view,US (United States)
User2,10/23/2020 20:14,0:50:47,,Casino Royale,,Worlds 2nd Best TV,2:20:59,2:20:59,US (United States)
User2,10/23/2020 19:23,0:12:59,,Casino Royale,,Worlds 2nd Best TV,1:30:17,Not latest view,US (United States)
User2,10/23/2020 17:30,1:20:26,Autoplayed: user action: Unspecified; ,Casino Royale,,Worlds 2nd Best TV,1:17:18,Not latest view,US (United States)
User2,10/21/2020 3:00,0:00:23,,Unsolved Mysteries: Volume 2: Washington Insider Murder (Episode 1),,Worlds 2nd Best TV,0:00:23,0:00:23,US (United States)
User2,10/9/2020 13:45,0:26:36,Autoplayed: user action: Unspecified; ,Our Planet: Season 1: Frozen Worlds (Episode 2),,Worlds 2nd Best TV,0:29:37,0:29:37,US (United States)
User2,10/8/2020 23:44,0:03:07,,Our Planet: Season 1: Frozen Worlds (Episode 2),,Worlds 2nd Best TV,0:03:07,Not latest view,US (United States)
User2,10/8/2020 15:43,0:00:31,,The Great British Baking Show: Collection 8: Bread Week (Episode 3),,Worlds 2nd Best TV,0:00:31,0:00:31,US (United States)
User2,9/18/2020 0:19,0:00:04,Autoplayed: user action: Unspecified; ,Michael McIntyre: Showman,,Worlds 2nd Best TV,0:00:04,0:00:04,US (United States)
User2,9/17/2020 23:06,1:02:09,Autoplayed: user action: Unspecified; ,Michael McIntyre: Showman,,Worlds 2nd Best TV,1:02:09,Not latest view,US (United States)
User2,9/17/2020 19:53,2:58:15,,"The Good, the Bad and the Ugly",,Worlds 2nd Best TV,2:58:15,2:58:15,US (United States)
User2,9/15/2020 0:27,0:42:31,Autoplayed: user action: Unspecified; ,NCIS: Season 15: Date with Destiny (Episode 24),,Worlds 2nd Best TV,0:42:58,0:42:58,US (United States)
User2,9/14/2020 23:14,0:42:27,,NCIS: Season 15: Fallout (Episode 23),,Worlds 2nd Best TV,0:42:27,0:42:27,US (United States)
User2,9/14/2020 23:12,0:00:01,Autoplayed: user action: None; ,NCIS: Season 1: Yankee White (Episode 1),,Worlds 2nd Best TV,0:00:01,0:00:01,US (United States)
User2,9/14/2020 2:58,0:27:29,,Cold Case Files Classic: Season 1: Baby for Sale / The Barrel (Episode 1),,Worlds 2nd Best TV,0:27:29,0:27:29,US (United States)
User2,9/14/2020 2:56,0:01:34,Autoplayed: user action: Unspecified; ,Get Organized with The Home Edit: Season 1: Reese Witherspoon and a Doctor's Dream Closet (Episode 1),,Worlds 2nd Best TV,0:01:34,0:01:34,US (United States)
User2,9/14/2020 1:52,1:02:19,Autoplayed: user action: Unspecified; ,Michael McIntyre: Showman,,Worlds 2nd Best TV,1:02:19,Not latest view,US (United States)
User2,9/13/2020 23:13,0:17:32,Autoplayed: user action: Unspecified; ,Criminal Minds: Season 1: Poison (Episode 13),,Worlds 2nd Best TV,0:33:46,0:33:46,US (United States)
User2,9/13/2020 3:37,0:54:49,Autoplayed: user action: None; ,Longmire: Season 5: One Good Memory (Episode 2),,Worlds 2nd Best TV,0:54:59,0:54:59,US (United States)
User2,9/13/2020 2:37,0:58:11,Autoplayed: user action: Unspecified; ,Longmire: Season 5: A Fog That Won't Lift (Episode 1),,Worlds 2nd Best TV,0:58:11,0:58:11,US (United States)
User2,9/11/2020 1:16,1:01:44,Autoplayed: user action: None; ,Longmire: Season 4: What Happens on the Rez... (Episode 10),,Worlds 2nd Best TV,1:01:54,1:01:54,US (United States)
User2,9/11/2020 0:51,0:25:04,Autoplayed: user action: Unspecified; ,Longmire: Season 4: Shotgun (Episode 9),,Worlds 2nd Best TV,0:56:54,0:56:54,US (United States)
User2,9/9/2020 3:50,0:31:40,Autoplayed: user action: None; ,Longmire: Season 4: Shotgun (Episode 9),,Worlds 2nd Best TV,0:31:50,Not latest view,US (United States)
User2,9/9/2020 2:45,0:56:37,Autoplayed: user action: Unspecified; ,Longmire: Season 4: Hector Lives (Episode 8),,Worlds 2nd Best TV,0:56:47,0:56:47,US (United States)
User2,9/9/2020 2:22,0:22:48,Autoplayed: user action: Unspecified; ,Longmire: Season 4: Highway Robbery (Episode 7),,Worlds 2nd Best TV,1:07:48,1:07:48,US (United States)
User2,9/7/2020 2:59,0:45:26,Autoplayed: user action: Unspecified; ,Longmire: Season 4: Highway Robbery (Episode 7),,Worlds 2nd Best TV,0:45:26,Not latest view,US (United States)
User2,9/7/2020 2:52,0:00:04,Autoplayed: user action: None; ,Longmire: Season 4: Highway Robbery (Episode 7),,Worlds 2nd Best TV,0:00:16,Not latest view,US (United States)
User2,9/7/2020 1:56,0:54:46,Autoplayed: user action: Unspecified; ,Longmire: Season 4: The Calling Back (Episode 6),,Worlds 2nd Best TV,0:54:46,0:54:46,US (United States)
User2,9/5/2020 3:51,1:00:35,Autoplayed: user action: Unspecified; ,Longmire: Season 4: Help Wanted (Episode 5),,Worlds 2nd Best TV,1:00:35,1:00:35,US (United States)
User2,9/4/2020 19:31,0:09:32,Autoplayed: user action: Unspecified; ,Criminal Minds: Season 1: Poison (Episode 13),,Worlds 2nd Best TV,0:16:17,Not latest view,US (United States)
User2,9/2/2020 3:25,0:57:21,Autoplayed: user action: None; ,Longmire: Season 4: Four Arrows (Episode 4),,Worlds 2nd Best TV,0:57:33,0:57:33,US (United States)
User2,9/2/2020 2:27,0:57:10,Autoplayed: user action: None; ,Longmire: Season 4: High Noon (Episode 3),,Worlds 2nd Best TV,0:57:10,0:57:10,US (United States)
User2,8/31/2020 2:47,0:54:15,Autoplayed: user action: None; ,Longmire: Season 4: War Eagle (Episode 2),,Worlds 2nd Best TV,0:54:15,0:54:15,US (United States)
User2,8/31/2020 1:00,0:06:47,Autoplayed: user action: None; ,Criminal Minds: Season 1: Poison (Episode 13),,Worlds 2nd Best TV,0:06:47,Not latest view,US (United States)
User2,8/31/2020 0:23,0:33:56,Autoplayed: user action: Unspecified; ,Criminal Minds: Season 1: What Fresh Hell? (Episode 12),,Worlds 2nd Best TV,0:43:53,0:43:53,US (United States)
User2,8/30/2020 23:49,0:10:01,Autoplayed: user action: None; ,Criminal Minds: Season 1: What Fresh Hell? (Episode 12),,Worlds 2nd Best TV,0:10:01,Not latest view,US (United States)
User2,8/30/2020 23:05,0:44:13,Autoplayed: user action: None; ,Criminal Minds: Season 1: Blood Hungry (Episode 11),,Worlds 2nd Best TV,0:44:15,0:44:15,US (United States)
User2,8/30/2020 22:14,0:42:15,Autoplayed: user action: Unspecified; ,Criminal Minds: Season 1: The Popular Kids (Episode 10),,Worlds 2nd Best TV,0:42:17,0:42:17,US (United States)
User2,8/30/2020 20:27,0:37:01,Autoplayed: user action: Unspecified; ,Criminal Minds: Season 1: Derailed (Episode 9),,Worlds 2nd Best TV,0:42:59,0:42:59,US (United States)
User2,8/27/2020 3:20,1:03:19,Autoplayed: user action: Unspecified; ,Longmire: Season 4: Down by the River (Episode 1),,Worlds 3rd Best TV,1:02:49,1:02:49,US (United States)
User2,8/26/2020 3:21,0:47:37,Autoplayed: user action: None; ,Longmire: Season 3: Ashes to Ashes (Episode 10),,Worlds 3rd Best TV,0:47:37,0:47:37,US (United States)
User2,8/26/2020 2:38,0:43:07,Autoplayed: user action: Unspecified; ,Longmire: Season 3: Counting Coup (Episode 9),,Worlds 3rd Best TV,0:43:07,0:43:07,US (United States)
User2,8/25/2020 3:59,0:42:23,Autoplayed: user action: None; ,Longmire: Season 3: Harvest (Episode 8),,Worlds 3rd Best TV,0:42:23,0:42:23,US (United States)
User2,8/25/2020 3:08,0:46:36,Autoplayed: user action: Unspecified; ,Longmire: Season 3: Population 25 (Episode 7),,Worlds 3rd Best TV,0:46:36,0:46:36,US (United States)
User2,8/25/2020 2:25,0:42:40,Autoplayed: user action: Unspecified; ,Longmire: Season 3: Reports of My Death (Episode 6),,Worlds 3rd Best TV,0:42:40,0:42:40,US (United States)
User2,8/24/2020 3:48,0:00:21,Autoplayed: user action: None; ,Longmire: Season 3: Reports of My Death (Episode 6),,Worlds 3rd Best TV,0:00:21,Not latest view,US (United States)
User2,8/24/2020 3:05,0:42:37,Autoplayed: user action: Unspecified; ,Longmire: Season 3: Wanted Man (Episode 5),,Worlds 3rd Best TV,0:42:37,0:42:37,US (United States)
User2,8/22/2020 3:03,0:37:06,Autoplayed: user action: Unspecified; ,Longmire: Season 3: In the Pines (Episode 4),,Worlds 3rd Best TV,0:42:40,0:42:40,US (United States)
User2,8/21/2020 16:26,0:05:59,Autoplayed: user action: None; ,Criminal Minds: Season 1: Derailed (Episode 9),,Worlds 3rd Best TV,0:05:59,Not latest view,US (United States)
User2,8/21/2020 15:44,0:41:57,Autoplayed: user action: None; ,Criminal Minds: Season 1: Natural Born Killer (Episode 8),,Worlds 3rd Best TV,0:41:57,0:41:57,US (United States)
User2,8/21/2020 15:01,0:43:15,Autoplayed: user action: Unspecified; ,Criminal Minds: Season 1: The Fox (Episode 7),,Worlds 3rd Best TV,0:43:15,0:43:15,US (United States)
User2,8/21/2020 2:31,0:05:36,Autoplayed: user action: None; ,Longmire: Season 3: In the Pines (Episode 4),,Worlds 3rd Best TV,0:05:36,Not latest view,US (United States)
User2,8/21/2020 2:03,0:28:26,Autoplayed: user action: Unspecified; ,Longmire: Season 3: Miss Cheyenne (Episode 3),,Worlds 3rd Best TV,0:42:40,0:42:40,US (United States)
User2,8/21/2020 2:02,0:00:02,,Criminal Minds: Season 1: The Fox (Episode 7),,Worlds 3rd Best TV,0:00:02,Not latest view,US (United States)
User2,8/20/2020 18:48,0:24:11,Autoplayed: user action: Unspecified; ,Criminal Minds: Season 1: L.D.S.K. (Episode 6),,Worlds 3rd Best TV,0:41:41,0:41:41,US (United States)
User2,8/20/2020 6:18,0:22:06,Autoplayed: user action: None; ,Murder Maps: Season 3: Episode 2,,Worlds 3rd Best TV,0:23:31,0:23:31,US (United States)
User2,8/20/2020 5:34,0:43:25,Autoplayed: user action: Unspecified; ,Murder Maps: Season 3: Episode 1,,Worlds 3rd Best TV,0:43:25,0:43:25,US (United States)
User2,8/20/2020 3:11,0:14:17,Autoplayed: user action: None; ,Longmire: Season 3: Miss Cheyenne (Episode 3),,Worlds 3rd Best TV,0:14:17,Not latest view,US (United States)
User2,8/20/2020 2:29,0:42:37,Autoplayed: user action: None; ,Longmire: Season 3: Of Children and Travelers (Episode 2),,Worlds 3rd Best TV,0:42:37,0:42:37,US (United States)
User2,8/20/2020 2:05,0:23:49,Autoplayed: user action: None; ,Longmire: Season 3: The White Warrior (Episode 1),,Worlds 3rd Best TV,0:43:41,0:43:41,US (United States)
User2,8/19/2020 3:28,0:19:52,Autoplayed: user action: Unspecified; ,Longmire: Season 3: The White Warrior (Episode 1),,Worlds 3rd Best TV,0:19:52,Not latest view,US (United States)
User2,8/18/2020 1:52,0:00:19,Autoplayed: user action: None; ,Longmire: Season 3: The White Warrior (Episode 1),,Worlds 3rd Best TV,0:00:19,Not latest view,US (United States)
User2,8/18/2020 1:05,0:43:08,Autoplayed: user action: Unspecified; ,Longmire: Season 2: Bad Medicine (Episode 13),,Worlds 3rd Best TV,0:43:08,0:43:08,US (United States)
User2,8/18/2020 1:04,0:00:51,Autoplayed: user action: Unspecified; ,Longmire: Season 2: A Good Death Is Hard to Find (Episode 12),,Worlds 3rd Best TV,0:42:42,0:42:42,US (United States)
User2,8/17/2020 2:50,0:36:46,Autoplayed: user action: Unspecified; ,Longmire: Season 2: A Good Death Is Hard to Find (Episode 12),,Worlds 3rd Best TV,0:42:39,Not latest view,US (United States)
User2,8/16/2020 3:28,0:06:43,Autoplayed: user action: None; ,Longmire: Season 2: A Good Death Is Hard to Find (Episode 12),,Worlds 3rd Best TV,0:06:43,Not latest view,US (United States)
User2,8/16/2020 2:43,0:42:37,Autoplayed: user action: Unspecified; ,Longmire: Season 2: Natural Order (Episode 11),,Worlds 3rd Best TV,0:42:37,0:42:37,US (United States)
User2,8/11/2020 2:36,0:38:03,Autoplayed: user action: Unspecified; ,The Witcher: Season 1: Betrayer Moon (Episode 3),,Worlds 3rd Best TV,0:37:20,0:37:20,US (United States)
User2,8/11/2020 2:10,0:20:19,Autoplayed: user action: Unspecified; ,The Witcher: Season 1: Four Marks (Episode 2),,Worlds 3rd Best TV,0:58:57,0:58:57,US (United States)
User2,8/10/2020 2:49,0:38:33,Autoplayed: user action: None; ,The Witcher: Season 1: Four Marks (Episode 2),,Worlds 3rd Best TV,0:38:40,Not latest view,US (United States)
User2,8/10/2020 2:11,0:36:41,Autoplayed: user action: Unspecified; ,The Witcher: Season 1: The End’s Beginning (Episode 1),,Worlds 3rd Best TV,0:59:02,0:59:02,US (United States)
User2,8/9/2020 5:04,0:00:14,Autoplayed: user action: None; ,"Cold Case Files: Season 1: Sweethearts, Silenced (Episode 6)",,Worlds 3rd Best TV,0:00:23,0:00:23,US (United States)
User2,8/9/2020 4:21,0:43:03,Autoplayed: user action: None; ,Cold Case Files: Season 1: She Never Came Home (Episode 5),,Worlds 3rd Best TV,0:43:11,0:43:11,US (United States)
User2,8/9/2020 3:38,0:43:14,Autoplayed: user action: Unspecified; ,Cold Case Files: Season 1: Killings on Christmas Eve (Episode 1),,Worlds 3rd Best TV,0:43:14,0:43:14,US (United States)
User2,8/8/2020 2:20,0:42:55,Autoplayed: user action: Unspecified; ,Longmire: Season 2: Election Day (Episode 10),,Worlds 3rd Best TV,0:42:55,0:42:55,US (United States)
User2,8/8/2020 1:35,0:42:34,Autoplayed: user action: Unspecified; ,Longmire: Season 2: Tuscan Red (Episode 9),,Worlds 3rd Best TV,0:42:34,0:42:34,US (United States)
User2,8/7/2020 22:11,0:17:28,Autoplayed: user action: None; ,Criminal Minds: Season 1: L.D.S.K. (Episode 6),,Worlds 3rd Best TV,0:17:30,Not latest view,US (United States)
User2,8/7/2020 21:30,0:41:13,Autoplayed: user action: Unspecified; ,Criminal Minds: Season 1: Broken Mirror (Episode 5),,Worlds 3rd Best TV,0:43:28,0:43:28,US (United States)
User2,8/7/2020 15:06,0:44:00,,The Addams Family,,Worlds 3rd Best TV,0:52:10,0:52:10,US (United States)
User2,8/7/2020 14:58,0:08:12,Autoplayed: user action: Unspecified; ,The Addams Family,,Worlds 3rd Best TV,0:08:12,Not latest view,US (United States)
User2,8/1/2020 3:18,0:42:35,Autoplayed: user action: Unspecified; ,Longmire: Season 2: The Great Spirit (Episode 8),,Worlds 3rd Best TV,0:42:35,0:42:35,US (United States)
User2,8/1/2020 1:52,0:42:34,Autoplayed: user action: Unspecified; ,Longmire: Season 2: Sound and Fury (Episode 7),,Worlds 3rd Best TV,0:42:34,0:42:34,US (United States)
User2,7/31/2020 21:19,1:46:13,,The Water Diviner,,Worlds 3rd Best TV,1:46:13,1:46:13,US (United States)
User2,7/30/2020 3:05,0:20:09,,The Witcher: Season 1: The End’s Beginning (Episode 1),,Worlds 3rd Best TV,0:22:29,Not latest view,US (United States)
User2,7/30/2020 3:05,0:00:02,Autoplayed: user action: None; ,The Witcher: Season 1: Four Marks (Episode 2),,Worlds 3rd Best TV,0:00:02,Not latest view,US (United States)
User2,7/30/2020 2:56,0:02:20,Autoplayed: user action: Unspecified; ,Criminal Minds: Season 1: Broken Mirror (Episode 5),,Worlds 3rd Best TV,0:02:20,Not latest view,US (United States)
User2,7/30/2020 2:14,0:41:20,,Criminal Minds: Season 1: Plain Sight (Episode 4),,Worlds 3rd Best TV,0:41:20,0:41:20,US (United States)
User2,7/30/2020 2:01,0:12:15,,Fear City: New York vs The Mafia: Limited Series: Mob Rule (Episode 1),,Worlds 3rd Best TV,0:12:15,0:12:15,US (United States)
User2,7/29/2020 2:13,0:42:59,,Cold Case Files: Season 1: Little Girl Lost (Episode 4),,Worlds 3rd Best TV,0:42:59,0:42:59,US (United States)
User2,7/29/2020 1:34,0:17:39,,The Business of Drugs: Limited Series: Cocaine (Episode 1),,Worlds 3rd Best TV,0:17:39,0:17:39,US (United States)
User2,7/29/2020 1:29,0:00:53,,Call the Midwife: Series 1: Episode 1,,Worlds 3rd Best TV,0:00:53,0:00:53,US (United States)
User2,7/22/2020 3:30,0:42:37,Autoplayed: user action: None; ,Longmire: Season 2: Tell It Slant (Episode 6),,Worlds 3rd Best TV,0:42:37,0:42:37,US (United States)
User2,7/22/2020 2:47,0:42:39,Autoplayed: user action: Unspecified; ,Longmire: Season 2: Party's Over (Episode 5),,Worlds 3rd Best TV,0:42:39,0:42:39,US (United States)
User2,7/17/2020 20:47,0:27:24,Autoplayed: user action: Unspecified; ,Outlander: Season 1: By the Pricking of My Thumbs (Episode 10),,Worlds 3rd Best TV,0:54:25,0:54:25,US (United States)
User2,7/17/2020 20:07,0:24:45,Autoplayed: user action: None; ,Outlander: Season 1: By the Pricking of My Thumbs (Episode 10),,Worlds 3rd Best TV,0:27:03,Not latest view,US (United States)
User2,7/17/2020 19:04,0:54:56,Autoplayed: user action: Unspecified; ,Outlander: Season 1: The Reckoning (Episode 9),,Worlds 3rd Best TV,0:58:22,0:58:22,US (United States)
User2,7/17/2020 16:29,0:01:54,Autoplayed: user action: None; ,Outlander: Season 1: The Reckoning (Episode 9),,Worlds 3rd Best TV,0:02:41,Not latest view,US (United States)
User2,7/17/2020 15:25,0:52:29,Autoplayed: user action: Unspecified; ,Outlander: Season 1: Both Sides Now (Episode 8),,Worlds 3rd Best TV,0:54:09,0:54:09,US (United States)
User2,7/17/2020 2:22,0:36:35,,Unsolved Mysteries: Volume 1: Mystery on the Rooftop (Episode 1),,Worlds 3rd Best TV,0:36:35,0:36:35,US (United States)
User2,7/17/2020 2:21,0:00:15,Autoplayed: user action: None; ,Outlander: Season 1: Both Sides Now (Episode 8),,Worlds 3rd Best TV,0:02:31,Not latest view,US (United States)
User2,7/17/2020 1:28,0:51:21,Autoplayed: user action: Unspecified; ,Outlander: Season 1: The Wedding (Episode 7),,Worlds 3rd Best TV,0:53:37,0:53:37,US (United States)
User2,7/17/2020 0:25,0:53:48,Autoplayed: user action: Unspecified; ,Outlander: Season 1: The Garrison Commander (Episode 6),,Worlds 3rd Best TV,0:56:05,0:56:05,US (United States)
User2,7/16/2020 23:24,0:53:56,Autoplayed: user action: Unspecified; ,Outlander: Season 1: Rent (Episode 5),,Worlds 3rd Best TV,0:56:12,0:56:12,US (United States)
User2,7/16/2020 23:19,0:04:18,Autoplayed: user action: Unspecified; ,Outlander: Season 1: The Gathering (Episode 4),,Worlds 3rd Best TV,0:55:22,0:55:22,US (United States)
User2,7/16/2020 22:40,0:00:07,,Cursed: Season 1: Nimue (Episode 1),,Worlds 3rd Best TV,0:00:07,0:00:07,US (United States)
User2,7/16/2020 20:25,0:48:47,Autoplayed: user action: None; ,Outlander: Season 1: The Gathering (Episode 4),,Worlds 3rd Best TV,0:51:04,Not latest view,US (United States)
User2,7/16/2020 19:31,0:54:13,Autoplayed: user action: Unspecified; ,Outlander: Season 1: The Way Out (Episode 3),,Worlds 3rd Best TV,0:54:13,0:54:13,US (United States)
User2,7/16/2020 2:27,0:56:27,Autoplayed: user action: Unspecified; ,Outlander: Season 1: Castle Leoch (Episode 2),,Worlds 3rd Best TV,0:58:09,0:58:09,US (United States)
User2,7/16/2020 1:24,1:02:25,,Outlander: Season 1: Sassenach (Episode 1),,Worlds 3rd Best TV,1:02:25,1:02:25,US (United States)
User2,7/15/2020 4:35,0:40:07,,Unabomber - In His Own Words: Season 1: Episode 4,,Worlds 3rd Best TV,0:41:11,0:41:11,US (United States)
User2,7/15/2020 3:49,0:46:31,Autoplayed: user action: Unspecified; ,Unabomber - In His Own Words: Season 1: Episode 3,,Worlds 3rd Best TV,0:47:34,0:47:34,US (United States)
User2,7/15/2020 3:09,0:39:08,Autoplayed: user action: None; ,Unabomber - In His Own Words: Season 1: Episode 2,,Worlds 3rd Best TV,0:39:10,0:39:10,US (United States)
User2,7/15/2020 2:24,0:45:24,,Unabomber - In His Own Words: Season 1: Episode 1,,Worlds 3rd Best TV,0:46:21,0:46:21,US (United States)
User2,7/9/2020 2:03,1:44:39,Autoplayed: user action: Unspecified; ,The Other Guys,,Worlds 3rd Best TV,1:44:39,1:44:39,US (United States)
User3,6/28/2020 1:01,0:17:46,Autoplayed: user action: Unspecified; ,Indiana Jones and the Last Crusade,,Worlds 3rd Best TV,0:17:46,0:17:46,US (United States)
User3,6/28/2020 0:46,0:14:03,Autoplayed: user action: Unspecified; ,Ant-Man and the Wasp,,Worlds 3rd Best TV,0:14:03,0:14:03,US (United States)
User3,6/28/2020 0:29,0:16:20,Autoplayed: user action: Unspecified; ,Indiana Jones and the Kingdom of the Crystal Skull,,Worlds 3rd Best TV,1:57:04,1:57:04,US (United States)
User3,6/27/2020 22:21,1:02:19,Autoplayed: user action: Unspecified; ,Indiana Jones and the Kingdom of the Crystal Skull,,Worlds 3rd Best TV,1:40:46,Not latest view,US (United States)
User3,6/27/2020 17:13,0:07:08,Autoplayed: user action: Unspecified; ,Indiana Jones and the Kingdom of the Crystal Skull,,Worlds 3rd Best TV,0:38:27,Not latest view,US (United States)
User3,6/27/2020 2:34,0:17:15,Autoplayed: user action: Unspecified; ,Indiana Jones and the Kingdom of the Crystal Skull,,Worlds 3rd Best TV,0:31:20,Not latest view,US (United States)
User3,6/27/2020 1:31,1:02:03,Autoplayed: user action: Unspecified; ,"The Good, the Bad and the Ugly",,Worlds 3rd Best TV,1:57:04,Not latest view,US (United States)
User3,6/26/2020 17:12,0:14:06,Autoplayed: user action: Unspecified; ,Indiana Jones and the Kingdom of the Crystal Skull,,Worlds 3rd Best TV,0:14:06,Not latest view,US (United States)
User3,6/26/2020 2:50,0:49:58,Autoplayed: user action: Unspecified; ,Indiana Jones and the Raiders of the Lost Ark,,Worlds 3rd Best TV,0:49:58,0:49:58,US (United States)
User3,6/26/2020 0:15,1:52:10,Autoplayed: user action: Unspecified; ,Back to the Future,,Worlds 3rd Best TV,1:52:10,1:52:10,US (United States)
User3,6/25/2020 21:26,0:55:06,Autoplayed: user action: Unspecified; ,"The Good, the Bad and the Ugly",,Worlds 3rd Best TV,0:55:06,Not latest view,US (United States)
User3,6/25/2020 1:54,2:00:33,Autoplayed: user action: Unspecified; ,Indiana Jones and the Last Crusade,,Worlds 3rd Best TV,2:00:33,Not latest view,US (United States)
User3,6/19/2020 3:38,0:00:06,Autoplayed: user action: None; ,Longmire: Season 2: Party's Over (Episode 5),,Worlds 3rd Best TV,0:00:06,Not latest view,US (United States)
User3,6/19/2020 2:56,0:42:34,Autoplayed: user action: Unspecified; ,Longmire: Season 2: The Road to Hell (Episode 4),,Worlds 3rd Best TV,0:42:34,0:42:34,US (United States)
User3,6/19/2020 2:01,0:42:35,Autoplayed: user action: Unspecified; ,Longmire: Season 2: Death Came in Like Thunder (Episode 3),,Worlds 3rd Best TV,0:42:35,0:42:35,US (United States)
User3,6/18/2020 18:52,0:21:03,Autoplayed: user action: None; ,History 101: Season 1: The Rise of China (Episode 3),,Worlds 3rd Best TV,0:21:14,0:21:14,US (United States)
User3,6/18/2020 18:31,0:21:25,Autoplayed: user action: None; ,History 101: Season 1: The Space Race (Episode 2),,Worlds 3rd Best TV,0:21:36,0:21:36,US (United States)
User3,6/18/2020 18:09,0:20:57,,History 101: Season 1: Fast Food (Episode 1),,Worlds 3rd Best TV,0:20:57,0:20:57,US (United States)
User3,6/18/2020 2:31,0:42:29,Autoplayed: user action: Unspecified; ,Longmire: Season 2: Carcasses (Episode 2),,Worlds 3rd Best TV,0:42:29,0:42:29,US (United States)
User3,6/14/2020 3:37,0:00:07,Autoplayed: user action: None; ,Longmire: Season 2: Carcasses (Episode 2),,Worlds 3rd Best TV,0:00:07,Not latest view,US (United States)
User3,6/14/2020 2:51,0:43:02,Autoplayed: user action: Unspecified; ,Longmire: Season 2: Unquiet Mind (Episode 1),,Worlds 3rd Best TV,0:43:02,0:43:02,US (United States)
User3,6/14/2020 2:00,0:44:08,Autoplayed: user action: Unspecified; ,Longmire: Season 1: Unfinished Business (Episode 10),,Worlds 3rd Best TV,0:44:08,0:44:08,US (United States)
User3,6/12/2020 16:01,1:24:40,Autoplayed: user action: Unspecified; ,Cloudy with a Chance of Meatballs,,Worlds 3rd Best TV,1:24:40,1:24:40,US (United States)
User3,6/11/2020 2:55,0:42:38,Autoplayed: user action: Unspecified; ,"Longmire: Season 1: Dogs, Horses and Indians (Episode 9)",,Worlds 3rd Best TV,0:42:38,0:42:38,US (United States)
User3,6/11/2020 2:13,0:42:36,Autoplayed: user action: None; ,Longmire: Season 1: An Incredibly Beautiful Thing (Episode 8),,Worlds 3rd Best TV,0:42:36,0:42:36,US (United States)
User3,6/11/2020 1:29,0:43:32,Autoplayed: user action: Unspecified; ,Longmire: Season 1: 8 Seconds (Episode 7),,Worlds 3rd Best TV,0:43:32,0:43:32,US (United States)
User3,6/11/2020 1:21,0:07:24,Autoplayed: user action: Unspecified; ,Jo Koy: In His Elements,,Worlds 3rd Best TV,0:07:24,0:07:24,US (United States)
User3,6/10/2020 2:46,1:14:01,Autoplayed: user action: Unspecified; ,Sebastian Maniscalco: What's Wrong with People?,,Worlds 3rd Best TV,1:14:01,1:14:01,US (United States)
User3,6/7/2020 3:10,1:24:10,,The Wrong Missy,,Worlds 3rd Best TV,1:24:10,1:24:10,US (United States)
User3,6/7/2020 2:54,0:12:07,,Space Force: Season 1: THE LAUNCH (Episode 1),,Worlds 3rd Best TV,0:12:07,0:12:07,US (United States)
User3,6/4/2020 20:25,0:02:49,Autoplayed: user action: Unspecified; ,Hoarders: Season 10: Andy & Becky (Episode 1),,Worlds 3rd Best TV,0:02:49,0:02:49,US (United States)
User3,6/4/2020 20:17,0:06:00,Autoplayed: user action: Unspecified; ,Garth Brooks: The Road I’m On: Season 1: Episode 1,,Worlds 3rd Best TV,0:06:00,0:06:00,US (United States)
User3,5/26/2020 3:33,0:55:15,Autoplayed: user action: None; ,Jeffrey Epstein: Filthy Rich: Limited Series: Follow the Money (Episode 2),,Worlds 3rd Best TV,0:55:18,0:55:18,US (United States)
User3,5/26/2020 2:37,0:55:00,,Jeffrey Epstein: Filthy Rich: Limited Series: Hunting Grounds (Episode 1),,Worlds 3rd Best TV,0:54:23,0:54:23,US (United States)
User3,5/23/2020 19:07,0:42:25,Autoplayed: user action: None; ,Longmire: Season 1: The Worst Kind of Hunter (Episode 6),,Worlds 3rd Best TV,0:42:25,0:42:25,US (United States)
User3,5/23/2020 18:24,0:42:33,Autoplayed: user action: Unspecified; ,Longmire: Season 1: Dog Soldier (Episode 5),,Worlds 3rd Best TV,0:42:33,0:42:33,US (United States)
User3,5/15/2020 14:09,0:05:50,Autoplayed: user action: Unspecified; ,Night on Earth: Limited Series: Moonlit Plains (Episode 1),,Worlds 3rd Best TV,0:05:50,0:05:50,US (United States)
User3,5/11/2020 2:35,0:42:29,Autoplayed: user action: None; ,Longmire: Season 1: The Cancer (Episode 4),,Worlds 3rd Best TV,0:42:29,0:42:29,US (United States)
User3,5/11/2020 1:04,1:07:47,Autoplayed: user action: Unspecified; ,Jerry Seinfeld: I'm Telling You for the Last Time,,Worlds 3rd Best TV,1:07:47,1:07:47,US (United States)
User3,5/8/2020 21:37,0:00:07,,Jerry Seinfeld: 23 Hours To Kill,,Worlds 4th Best TV,0:00:07,0:00:07,US (United States)
User3,5/8/2020 20:36,1:00:30,,Jerry Seinfeld: 23 Hours To Kill,,Worlds 4th Best TV,1:00:30,Not latest view,US (United States)
User3,5/7/2020 17:09,1:17:31,,The Battered Bastards of Baseball,,Worlds 4th Best TV,1:17:31,Not latest view,US (United States)
User3,5/1/2020 0:31,0:00:03,Autoplayed: user action: Unspecified; ,Longmire: Season 1: The Cancer (Episode 4),,Worlds 4th Best TV,0:00:03,Not latest view,US (United States)
User3,4/30/2020 23:37,0:42:34,Autoplayed: user action: Unspecified; ,Longmire: Season 1: A Damn Shame (Episode 3),,Worlds 4th Best TV,0:42:34,0:42:34,US (United States)
User3,4/30/2020 22:54,0:42:32,Autoplayed: user action: Unspecified; ,Longmire: Season 1: The Dark Road (Episode 2),,Worlds 4th Best TV,0:42:32,0:42:32,US (United States)
User3,4/26/2020 2:00,0:51:36,,Longmire: Season 1: Pilot (Episode 1),,Worlds 4th Best TV,0:51:36,0:51:36,US (United States)
User3,4/20/2020 1:59,0:00:02,Autoplayed: user action: None; ,The Crown: Season 1: Wolferton Splash (Episode 1),,Worlds 4th Best TV,0:05:04,0:05:04,US (United States)
User3,4/20/2020 1:58,0:00:55,Autoplayed: user action: Unspecified; ,Outbreak,,Worlds 4th Best TV,0:00:55,0:00:55,US (United States)
User3,4/16/2020 21:07,1:52:01,Autoplayed: user action: Unspecified; ,Indiana Jones and the Raiders of the Lost Ark,,Worlds 4th Best TV,1:52:01,Not latest view,US (United States)
User3,4/10/2020 1:59,0:01:30,Autoplayed: user action: Unspecified; ,Blade Runner: The Final Cut,,Worlds 4th Best TV,0:01:30,0:01:30,US (United States)
User3,4/9/2020 23:56,1:49:14,Autoplayed: user action: Unspecified; ,Dirty Harry,,Worlds 4th Best TV,1:42:19,1:42:19,US (United States)
User3,3/27/2020 21:48,1:36:03,Autoplayed: user action: Unspecified; ,Woodstock: Three Days that Defined a Generation,,Worlds 4th Best TV,1:36:03,1:36:03,US (United States)
User3,3/26/2020 1:38,1:29:19,Autoplayed: user action: Unspecified; ,ZZ TOP: THAT LITTLE OL' BAND FROM TEXAS,,Worlds 4th Best TV,1:29:19,1:29:19,US (United States)
User3,3/26/2020 0:48,0:00:03,Autoplayed: user action: None; ,The Andy Griffith Show: Season 1: The New Housekeeper (Episode 1),,Worlds 4th Best TV,0:00:03,0:00:03,US (United States)
User3,3/18/2020 21:08,1:57:25,Autoplayed: user action: Unspecified; ,Indiana Jones and the Kingdom of the Crystal Skull,,Worlds 4th Best TV,1:57:15,Not latest view,US (United States)
User3,3/17/2020 22:15,0:27:59,Autoplayed: user action: Unspecified; ,Avengers: Infinity War,,Worlds 4th Best TV,0:27:59,0:27:59,US (United States)
User3,3/17/2020 17:04,1:54:29,Autoplayed: user action: Unspecified; ,Solo: A Star Wars Story,,Worlds 4th Best TV,2:06:32,2:06:32,US (United States)
User3,3/17/2020 0:07,0:12:04,Autoplayed: user action: Unspecified; ,Solo: A Star Wars Story,,Worlds 4th Best TV,0:12:04,Not latest view,US (United States)
User3,3/17/2020 0:03,0:03:23,Autoplayed: user action: Unspecified; ,Richie Rich,,Worlds 4th Best TV,0:03:23,0:03:23,US (United States)
User3,3/17/2020 0:03,0:00:16,,The Lord of the Rings: The Return of the King,,Worlds 4th Best TV,0:00:16,0:00:16,US (United States)
User3,3/16/2020 21:46,0:12:08,Autoplayed: user action: None; ,Step Brothers,,Worlds 4th Best TV,0:12:08,0:12:08,US (United States)
User3,3/16/2020 5:05,0:28:52,Autoplayed: user action: Unspecified; ,Austin Powers: The Spy Who Shagged Me,,Worlds 4th Best TV,0:28:52,0:28:52,US (United States)
User3,3/16/2020 0:22,0:40:57,Autoplayed: user action: Unspecified; ,Ralph Breaks the Internet: Wreck-It Ralph 2,,Worlds 4th Best TV,0:40:57,0:40:57,US (United States)
User3,3/15/2020 22:06,2:12:10,Autoplayed: user action: Unspecified; ,The Lord of the Rings: The Two Towers,,Worlds 4th Best TV,2:12:10,2:12:10,US (United States)
User3,3/15/2020 21:37,0:27:54,Autoplayed: user action: Unspecified; ,The Other Guys,,Worlds 4th Best TV,1:42:11,Not latest view,US (United States)
User3,3/15/2020 21:24,0:11:14,Autoplayed: user action: Unspecified; ,The Other Guys,,Worlds 4th Best TV,1:14:28,Not latest view,US (United States)
User3,3/15/2020 0:10,1:01:54,,The Secret Life of Pets 2,,Worlds 4th Best TV,1:01:54,1:01:54,US (United States)
User3,3/14/2020 23:06,1:03:18,Autoplayed: user action: Unspecified; ,The Other Guys,,Worlds 4th Best TV,1:03:18,Not latest view,US (United States)
User3,2/28/2020 4:17,0:31:43,,The Ranch: Part 7: Remind Me (Episode 4),,Worlds 4th Best TV,0:31:47,0:31:47,US (United States)
User3,2/28/2020 3:43,0:33:43,Autoplayed: user action: None; ,The Ranch: Part 7: Waitin' on a Woman (Episode 3),,Worlds 4th Best TV,0:33:46,0:33:46,US (United States)
User3,2/28/2020 3:11,0:31:16,Autoplayed: user action: None; ,The Ranch: Part 7: I Wish You'd Stay (Episode 2),,Worlds 4th Best TV,0:31:19,0:31:19,US (United States)
User3,2/28/2020 2:41,0:29:40,Autoplayed: user action: None; ,The Ranch: Part 7: Dying to See Her (Episode 1),,Worlds 4th Best TV,0:29:43,0:29:43,US (United States)
User3,2/28/2020 2:06,0:34:20,Autoplayed: user action: None; ,The Ranch: Part 6: We Can't Love Like This Anymore (Episode 10),,Worlds 4th Best TV,0:34:21,0:34:21,US (United States)
User3,2/28/2020 1:36,0:30:05,,The Ranch: Part 6: Down This Road (Episode 9),,Worlds 4th Best TV,0:30:05,0:30:05,US (United States)
User3,2/26/2020 2:14,1:46:50,Autoplayed: user action: Unspecified; ,The Foreigner,,Worlds 4th Best TV,1:46:50,1:46:50,US (United States)
User3,2/8/2020 1:03,1:30:31,,The Laundromat,,Worlds 4th Best TV,1:30:31,1:30:31,US (United States)
User3,2/6/2020 21:21,0:13:11,Autoplayed: user action: Unspecified; ,The Secret Life of Pets 2,,Worlds 4th Best TV,0:13:11,Not latest view,US (United States)
User3,2/6/2020 20:48,0:30:52,Autoplayed: user action: Unspecified; ,Big Fat Liar,,Worlds 4th Best TV,1:23:16,1:23:16,US (United States)
User3,2/6/2020 4:06,0:52:28,Autoplayed: user action: Unspecified; ,Big Fat Liar,,Worlds 4th Best TV,0:52:28,Not latest view,US (United States)
User3,2/4/2020 2:07,0:20:56,Autoplayed: user action: Unspecified; ,Marriage Story,,Worlds 4th Best TV,0:20:56,0:20:56,US (United States)
User3,1/24/2020 22:03,0:38:53,Autoplayed: user action: None; ,The Vietnam War: A Film by Ken Burns and Lynn Novick: Season 1: Riding the Tiger (1961-1963) (Episode 2),,Worlds 4th Best TV,1:21:14,1:21:14,US (United States)
User3,1/23/2020 22:35,0:42:21,Autoplayed: user action: Unspecified; ,The Vietnam War: A Film by Ken Burns and Lynn Novick: Season 1: Riding the Tiger (1961-1963) (Episode 2),,Worlds 4th Best TV,0:42:21,Not latest view,US (United States)
User3,1/23/2020 20:19,1:18:42,Autoplayed: user action: Unspecified; ,The Vietnam War: A Film by Ken Burns and Lynn Novick: Season 1: Déjà vu (1858-1961) (Episode 1),,Worlds 4th Best TV,1:18:42,1:18:42,US (United States)
User3,1/16/2020 15:15,0:40:05,,Earth's Natural Wonders: Life at the Extremes: Season 1: Surviving Against The Odds (Episode 3),,Worlds 4th Best TV,0:41:09,0:41:09,US (United States)
User3,1/16/2020 14:20,0:54:16,,Earth's Natural Wonders: Life at the Extremes: Season 1: Surviving With Animals (Episode 2),,Worlds 4th Best TV,0:54:16,0:54:16,US (United States)
User3,1/16/2020 14:19,0:00:41,Autoplayed: user action: Unspecified; ,Earth's Natural Wonders: Life at the Extremes: Season 1: Surviving The Extreme (Episode 1),,Worlds 4th Best TV,0:00:41,0:00:41,US (United States)
User3,1/3/2020 3:12,1:30:16,Autoplayed: user action: Unspecified; ,I'll See You in My Dreams,,Worlds 4th Best TV,1:30:16,1:30:16,US (United States)
User3,1/3/2020 3:04,0:00:14,Autoplayed: user action: None; ,5 Flights Up,,Worlds 4th Best TV,0:00:14,0:00:14,US (United States)
User3,1/3/2020 1:26,1:34:07,,Falling Inn Love,,Worlds 4th Best TV,1:34:07,1:34:07,US (United States)
User3,1/2/2020 23:51,1:27:13,Autoplayed: user action: Unspecified; ,Sherlock: Series 1: A Study in Pink (Episode 1),,Worlds 4th Best TV,1:27:37,1:27:37,US (United States)
User3,1/2/2020 23:27,0:15:14,Autoplayed: user action: Unspecified; ,The Matrix,,Worlds 4th Best TV,0:15:14,0:15:14,US (United States)
User3,1/2/2020 23:25,0:00:41,Autoplayed: user action: None; ,The Music of Silence,,Worlds 4th Best TV,0:00:41,0:00:41,US (United States)
User3,1/2/2020 4:12,0:00:07,,Greatest Events of WWII in Colour: Season 1: Pearl Harbor (Episode 3),,Worlds 4th Best TV,0:00:12,0:00:12,US (United States)
User3,1/2/2020 3:22,0:49:36,Autoplayed: user action: None; ,Greatest Events of WWII in Colour: Season 1: Battle of Britain (Episode 2),,Worlds 4th Best TV,0:49:41,0:49:41,US (United States)
User3,1/2/2020 2:26,0:49:43,Autoplayed: user action: Unspecified; ,Greatest Events of WWII in Colour: Season 1: Blitzkrieg (Episode 1),,Worlds 4th Best TV,0:49:43,0:49:43,US (United States)
User3,12/28/2019 2:36,0:48:31,Autoplayed: user action: Unspecified; ,Our Planet: Season 1: One Planet (Episode 1),,Worlds 4th Best TV,0:48:31,0:48:31,US (United States)
User3,12/24/2019 3:52,0:28:24,Autoplayed: user action: Unspecified; ,The Christmas Chronicles,,Worlds 4th Best TV,0:28:24,0:28:24,US (United States)
User3,12/21/2019 1:32,1:29:44,,Kon-Tiki,,Worlds 4th Best TV,1:29:44,1:29:44,US (United States)
User3,12/21/2019 1:25,0:00:06,Autoplayed: user action: None; ,Kon-Tiki,,Worlds 4th Best TV,0:00:06,Not latest view,US (United States)
User3,12/21/2019 1:17,0:00:20,Autoplayed: user action: None; ,The Eighties: Season 1: Raised on Television Part 1 (Episode 1),,Worlds 4th Best TV,0:00:20,0:00:20,US (United States)
User3,12/19/2019 23:15,0:20:31,,How to Get Away With Murder: Season 3: Wes (Episode 15),,Worlds 4th Best TV,0:20:31,0:20:31,US (United States)
User3,12/19/2019 23:15,0:00:02,Autoplayed: user action: None; ,How to Get Away With Murder: Season 1: Pilot (Episode 1),,Worlds 4th Best TV,0:00:02,0:00:02,US (United States)
User3,12/19/2019 23:13,0:00:52,Autoplayed: user action: Unspecified; ,Wild Alaska: Season 1: Spring (Episode 1),,Worlds 4th Best TV,0:00:52,0:00:52,US (United States)
User3,12/19/2019 23:10,0:00:02,Autoplayed: user action: None; ,Broadchurch: Season 1: Episode 1,,Worlds 4th Best TV,0:00:02,0:00:02,US (United States)
User3,12/19/2019 22:50,0:15:33,Autoplayed: user action: Unspecified; ,The Seventies: Season 1: Television Gets Real (Episode 1),,Worlds 4th Best TV,0:41:33,0:41:33,US (United States)
User3,12/19/2019 3:01,0:06:27,Autoplayed: user action: Unspecified; ,The Witcher: Season 1: The End’s Beginning (Episode 1),,Worlds 4th Best TV,0:06:27,Not latest view,US (United States)
User3,12/19/2019 2:18,0:41:47,Autoplayed: user action: Unspecified; ,The Crown: Season 3: Cri de Coeur (Episode 10),,Worlds 4th Best TV,0:56:54,0:56:54,US (United States)
User3,12/5/2019 23:34,0:16:04,Autoplayed: user action: None; ,The Crown: Season 3: Cri de Coeur (Episode 10),,Worlds 4th Best TV,0:16:08,Not latest view,US (United States)
User3,12/5/2019 22:43,0:35:21,Autoplayed: user action: Unspecified; ,The Crown: Season 3: Imbroglio (Episode 9),,Worlds 4th Best TV,0:45:12,0:45:12,US (United States)
User3,12/5/2019 22:40,0:00:03,Autoplayed: user action: None; ,Marriage Story,,Worlds 4th Best TV,0:00:03,Not latest view,US (United States)
User3,12/5/2019 22:40,0:00:16,Autoplayed: user action: None; ,Marriage Story,,Worlds 4th Best TV,0:00:16,Not latest view,US (United States)
User3,12/1/2019 2:53,0:26:01,Autoplayed: user action: Unspecified; ,The Seventies: Season 1: Television Gets Real (Episode 1),,Worlds 4th Best TV,0:26:01,Not latest view,US (United States)
User3,11/30/2019 1:01,2:03:43,Autoplayed: user action: Unspecified; ,The Irishman,,Worlds 4th Best TV,3:22:15,3:22:15,US (United States)
User3,11/29/2019 23:13,1:20:25,,The Irishman,,Worlds 4th Best TV,1:19:08,Not latest view,US (United States)
User3,11/25/2019 3:27,0:08:51,Autoplayed: user action: Unspecified; ,The Crown: Season 3: Imbroglio (Episode 9),,Worlds 4th Best TV,0:09:53,Not latest view,US (United States)
User3,11/25/2019 3:26,0:00:07,Autoplayed: user action: None; ,"Bikram: Yogi, Guru, Predator",,Worlds 4th Best TV,0:00:07,0:00:07,US (United States)
User3,11/25/2019 2:56,0:24:25,Autoplayed: user action: Unspecified; ,The Kominsky Method: Season 2: Chapter 16. A Thetan Arrives (Episode 8),,Worlds 4th Best TV,0:24:41,0:24:41,US (United States)
User3,11/25/2019 2:36,0:20:11,Autoplayed: user action: None; ,The Kominsky Method: Season 2: Chapter 15. A Hand Job Is Forgiven (Episode 7),,Worlds 4th Best TV,0:20:23,0:20:23,US (United States)
User3,11/25/2019 2:09,0:24:16,Autoplayed: user action: Unspecified; ,"The Kominsky Method: Season 2: Chapter 14. A Secret Leaks, a Teacher Speaks (Episode 6)",,Worlds 4th Best TV,0:24:16,0:24:16,US (United States)
User3,11/24/2019 2:35,0:45:03,Autoplayed: user action: Unspecified; ,The Crown: Season 3: Dangling Man (Episode 8),,Worlds 4th Best TV,0:45:04,0:45:04,US (United States)
User3,11/24/2019 2:10,0:24:27,Autoplayed: user action: Unspecified; ,The Kominsky Method: Season 2: Chapter 13. A Shenckman Equivocates (Episode 5),,Worlds 4th Best TV,0:24:27,0:24:27,US (United States)
User3,11/22/2019 16:57,0:53:13,Autoplayed: user action: Unspecified; ,The Crown: Season 3: Moondust (Episode 7),,Worlds 4th Best TV,0:54:17,0:54:17,US (United States)
User3,11/22/2019 5:31,0:24:10,Autoplayed: user action: None; ,The Kominsky Method: Season 2: Chapter 12. A Libido Sits in the Fridge (Episode 4),,Worlds 4th Best TV,0:24:20,0:24:20,US (United States)
User3,11/22/2019 5:03,0:27:56,Autoplayed: user action: None; ,The Kominsky Method: Season 2: Chapter 11. An Odd Couple Occurs (Episode 3),,Worlds 4th Best TV,0:28:06,0:28:06,US (United States)
User3,11/22/2019 4:59,0:03:28,Autoplayed: user action: Unspecified; ,"The Kominsky Method: Season 2: Chapter 10. An Old Flame, an Old Wick (Episode 2)",,Worlds 4th Best TV,0:22:06,0:22:06,US (United States)
User3,11/21/2019 17:59,0:53:16,Autoplayed: user action: None; ,The Crown: Season 3: Tywysog Cymru (Episode 6),,Worlds 4th Best TV,0:53:22,0:53:22,US (United States)
User3,11/21/2019 17:02,0:51:28,,The Crown: Season 3: Coup (Episode 5),,Worlds 4th Best TV,0:55:09,0:55:09,US (United States)
User3,11/21/2019 15:05,0:03:36,Autoplayed: user action: None; ,The Crown: Season 3: Coup (Episode 5),,Worlds 4th Best TV,0:03:42,Not latest view,US (United States)
User3,11/21/2019 14:02,0:57:31,Autoplayed: user action: Unspecified; ,The Crown: Season 3: Bubbikins (Episode 4),,Worlds 4th Best TV,0:57:37,0:57:37,US (United States)
User3,11/21/2019 13:52,0:09:17,Autoplayed: user action: Unspecified; ,The Crown: Season 3: Aberfan (Episode 3),,Worlds 4th Best TV,0:53:04,0:53:04,US (United States)
User3,11/20/2019 3:32,0:43:47,Autoplayed: user action: None; ,The Crown: Season 3: Aberfan (Episode 3),,Worlds 4th Best TV,0:43:53,Not latest view,US (United States)
User3,11/20/2019 2:46,0:45:36,Autoplayed: user action: None; ,The Crown: Season 3: Margaretology (Episode 2),,Worlds 4th Best TV,0:45:36,0:45:36,US (United States)
User3,11/18/2019 1:33,0:49:13,,The Crown: Season 3: Olding (Episode 1),,Worlds 4th Best TV,0:45:38,0:45:38,US (United States)
User3,11/18/2019 1:24,0:00:03,Autoplayed: user action: None; ,The Crown: Season 1: Wolferton Splash (Episode 1),,Worlds 4th Best TV,0:05:07,Not latest view,US (United States)
User3,11/18/2019 1:18,0:05:06,,The Crown: Season 1: Wolferton Splash (Episode 1),,Worlds 4th Best TV,0:05:06,Not latest view,US (United States)
User3,11/14/2019 22:51,0:18:31,Autoplayed: user action: None; ,"The Kominsky Method: Season 2: Chapter 10. An Old Flame, an Old Wick (Episode 2)",,Worlds 4th Best TV,0:18:41,Not latest view,US (United States)
User3,11/14/2019 22:26,0:24:11,,The Kominsky Method: Season 2: Chapter 9. An Actor Forgets (Episode 1),,Worlds 4th Best TV,0:24:11,0:24:11,US (United States)
User3,11/10/2019 2:45,0:26:28,Autoplayed: user action: Unspecified; ,The Devil Next Door: Limited Series: Facing the Hangman (Episode 4),,Worlds 4th Best TV,0:26:52,0:26:52,US (United States)
User3,11/10/2019 1:15,0:49:14,Autoplayed: user action: Unspecified; ,The Devil Next Door: Limited Series: The Conspiracy (Episode 3),,Worlds 4th Best TV,0:49:17,0:49:17,US (United States)
User3,11/10/2019 0:34,0:41:34,Autoplayed: user action: Unspecified; ,The Devil Next Door: Limited Series: Nightmares of Treblinka (Episode 2),,Worlds 4th Best TV,0:40:45,0:40:45,US (United States)
User3,11/9/2019 3:19,1:19:15,,Holiday in the Wild,,Worlds 4th Best TV,1:19:15,1:19:15,US (United States)
User3,11/8/2019 0:41,1:32:52,Autoplayed: user action: Unspecified; ,Frozen River,,Worlds 4th Best TV,1:32:52,1:32:52,US (United States)
User3,11/1/2019 23:02,0:00:01,Autoplayed: user action: None; ,Criminal Minds: Season 1: Plain Sight (Episode 4),,Worlds 4th Best TV,0:00:03,Not latest view,US (United States)
User3,11/1/2019 22:19,0:42:28,Autoplayed: user action: None; ,Criminal Minds: Season 1: Won't Get Fooled Again (Episode 3),,Worlds 4th Best TV,0:42:28,0:42:28,US (United States)
User3,11/1/2019 21:36,0:43:16,Autoplayed: user action: None; ,Criminal Minds: Season 1: Compulsion (Episode 2),,Worlds 4th Best TV,0:44:16,0:44:16,US (United States)
User3,11/1/2019 20:54,0:41:30,Autoplayed: user action: Unspecified; ,Criminal Minds: Season 1: Extreme Aggressor (Episode 1),,Worlds 4th Best TV,0:41:30,0:41:30,US (United States)
User3,11/1/2019 20:08,0:44:57,Autoplayed: user action: Unspecified; ,Serial Killer with Piers Morgan: Season 1: Episode 1,,Worlds 4th Best TV,0:44:57,0:44:57,US (United States)
User3,10/24/2019 18:18,0:07:45,Autoplayed: user action: Unspecified; ,Inside Bill's Brain: Decoding Bill Gates: Limited Series: Part 3 (Episode 3),,Worlds 4th Best TV,0:24:14,0:24:14,US (United States)
User3,10/24/2019 3:17,0:16:25,Autoplayed: user action: None; ,Inside Bill's Brain: Decoding Bill Gates: Limited Series: Part 3 (Episode 3),,Worlds 4th Best TV,0:16:29,Not latest view,US (United States)
User3,10/24/2019 2:18,0:47:35,Autoplayed: user action: Unspecified; ,Inside Bill's Brain: Decoding Bill Gates: Limited Series: Part 2 (Episode 2),,Worlds 4th Best TV,0:46:44,0:46:44,US (United States)
User3,10/24/2019 1:57,0:21:02,,Inside Bill's Brain: Decoding Bill Gates: Limited Series: Part 1 (Episode 1),,Worlds 4th Best TV,0:49:04,0:49:04,US (United States)
User3,10/24/2019 0:38,0:28:03,,Inside Bill's Brain: Decoding Bill Gates: Limited Series: Part 1 (Episode 1),,Worlds 4th Best TV,0:28:03,Not latest view,US (United States)
User3,10/24/2019 0:35,0:00:03,Autoplayed: user action: None; ,MINDHUNTER: Season 1: Episode 1,,Worlds 4th Best TV,0:00:03,0:00:03,US (United States)
User3,10/16/2019 1:33,0:17:56,Autoplayed: user action: Unspecified; ,World War II in Colour: Season 1: The Gathering Storm (Episode 1),,Worlds 4th Best TV,0:17:56,0:17:56,US (United States)
User3,10/16/2019 1:32,0:00:01,,Cold Case Files: Season 1: Killings on Christmas Eve (Episode 1),,Worlds 4th Best TV,0:00:15,Not latest view,US (United States)
User3,10/16/2019 0:47,0:43:05,Autoplayed: user action: Unspecified; ,Cold Case Files: Season 1: Little Girl Lost (Episode 4),,Worlds 4th Best TV,0:43:05,Not latest view,US (United States)
User3,10/3/2019 1:20,0:54:12,Autoplayed: user action: Unspecified; ,Get Smart,,Worlds 4th Best TV,0:54:12,0:54:12,US (United States)
User3,9/12/2019 3:25,0:40:02,Autoplayed: user action: Unspecified; ,Kung Fu Hustle,,Worlds 4th Best TV,0:40:02,0:40:02,US (United States)
User3,9/12/2019 3:02,0:16:01,Autoplayed: user action: Unspecified; ,The Dukes of Hazzard,,Worlds 4th Best TV,0:16:01,0:16:01,US (United States)
User3,9/7/2019 3:16,0:30:51,Autoplayed: user action: Unspecified; ,MINDHUNTER: Season 2: Episode 9,,Worlds 4th Best TV,1:11:30,1:11:30,US (United States)
User3,9/1/2019 2:29,0:40:42,,MINDHUNTER: Season 2: Episode 9,,Worlds 4th Best TV,0:40:42,Not latest view,US (United States)
User3,8/31/2019 23:08,0:49:25,Autoplayed: user action: Unspecified; ,MINDHUNTER: Season 2: Episode 8,,Worlds 4th Best TV,0:50:46,0:50:46,US (United States)
User3,8/31/2019 22:09,0:56:01,Autoplayed: user action: Unspecified; ,MINDHUNTER: Season 2: Episode 7,,Worlds 4th Best TV,0:56:05,0:56:05,US (United States)
User3,8/31/2019 21:08,0:17:31,Autoplayed: user action: Unspecified; ,MINDHUNTER: Season 2: Episode 6,,Worlds 4th Best TV,0:56:27,0:56:27,US (United States)
User4,8/30/2019 21:02,0:37:30,Autoplayed: user action: Unspecified; ,MINDHUNTER: Season 2: Episode 6,,Worlds 4th Best TV,0:38:58,Not latest view,US (United States)
User4,8/30/2019 21:02,0:38:04,,MINDHUNTER: Season 2: Episode 6,,Worlds 4th Best TV,0:39:32,Not latest view,US (United States)
User4,8/30/2019 18:55,1:07:51,Autoplayed: user action: Unspecified; ,MINDHUNTER: Season 2: Episode 5,,Worlds 4th Best TV,1:09:22,1:09:22,US (United States)
User4,8/30/2019 18:05,0:48:47,Autoplayed: user action: Unspecified; ,MINDHUNTER: Season 2: Episode 4,,Worlds 4th Best TV,0:48:47,0:48:47,US (United States)
User4,8/29/2019 21:38,0:57:42,Autoplayed: user action: Unspecified; ,MINDHUNTER: Season 2: Episode 3,,Worlds 4th Best TV,0:57:46,0:57:46,US (United States)
User4,8/29/2019 21:20,0:16:49,Autoplayed: user action: Unspecified; ,MINDHUNTER: Season 2: Episode 2,,Worlds 4th Best TV,0:44:07,0:44:07,US (United States)
User4,8/25/2019 13:32,0:03:24,Autoplayed: user action: Unspecified; ,MINDHUNTER: Season 2: Episode 2,,Worlds 4th Best TV,0:27:18,Not latest view,US (United States)
User4,8/22/2019 22:56,0:24:12,Autoplayed: user action: Unspecified; ,MINDHUNTER: Season 2: Episode 2,,Worlds 4th Best TV,0:23:54,Not latest view,US (United States)
User4,8/22/2019 22:02,0:44:25,,MINDHUNTER: Season 2: Episode 1,,Worlds 4th Best TV,0:45:51,0:45:51,US (United States)
User4,8/22/2019 21:59,0:00:01,Autoplayed: user action: None; ,MINDHUNTER: Season 1: Episode 1,,Worlds 4th Best TV,0:00:01,Not latest view,US (United States)
User4,8/15/2019 23:26,1:24:50,Autoplayed: user action: Unspecified; ,Space Cowboys,,Worlds 4th Best TV,2:03:23,2:03:23,US (United States)
User4,8/12/2019 1:38,0:38:34,Autoplayed: user action: Unspecified; ,Space Cowboys,,Worlds 4th Best TV,0:38:34,Not latest view,US (United States)
User4,8/9/2019 0:38,0:11:52,Autoplayed: user action: None; ,Africa: Season 1: Savannah (Episode 2),,Worlds 4th Best TV,0:11:58,0:11:58,US (United States)
User4,8/8/2019 23:48,0:49:52,Autoplayed: user action: Unspecified; ,Africa: Season 1: Kalahari (Episode 1),,Worlds 4th Best TV,0:48:46,0:48:46,US (United States)
User4,8/8/2019 23:24,0:22:49,,Exhibit A: Season 1: Video Forensics (Episode 1),,Worlds 4th Best TV,0:22:49,0:22:49,US (United States)
User4,8/8/2019 23:22,0:00:07,Autoplayed: user action: None; ,Our Planet: Season 1: One Planet (Episode 1),,Worlds 4th Best TV,0:00:07,Not latest view,US (United States)
User4,7/30/2019 23:46,1:42:10,,"Extremely Wicked, Shockingly Evil and Vile",,Worlds 4th Best TV,1:42:10,1:42:10,US (United States)
User4,7/30/2019 15:08,1:38:32,Autoplayed: user action: Unspecified; ,Limitless,,Worlds 4th Best TV,1:38:32,1:38:32,US (United States)
User4,7/27/2019 1:17,1:57:31,Autoplayed: user action: Unspecified; ,About Time,,Worlds 4th Best TV,1:57:31,1:57:31,US (United States)
User4,7/17/2019 23:17,1:56:02,Autoplayed: user action: Unspecified; ,Secretariat,,Worlds 4th Best TV,1:56:02,1:56:02,US (United States)
User4,7/16/2019 0:26,1:51:34,Autoplayed: user action: Unspecified; ,Gran Torino,,Worlds 4th Best TV,1:51:34,1:51:34,US (United States)
User4,7/2/2019 21:21,0:05:46,Autoplayed: user action: Unspecified; ,One Strange Rock: Season 1: Gasp (Episode 1),,Worlds 4th Best TV,0:05:46,0:05:46,US (United States)
User4,7/1/2019 19:50,0:06:39,Autoplayed: user action: Unspecified; ,The Great British Baking Show: Holidays: Season 1: The Great Christmas Baking Show (Episode 1),,Worlds 4th Best TV,0:06:39,0:06:39,US (United States)
User4,7/1/2019 19:46,0:01:35,Autoplayed: user action: Unspecified; ,Bringing Sexy Back: Season 1: Episode 1,,Worlds 4th Best TV,0:01:35,0:01:35,US (United States)
User4,6/26/2019 20:18,0:02:28,Autoplayed: user action: Unspecified; ,The Butterfly Effect,,Worlds 4th Best TV,0:02:29,0:02:29,US (United States)
User4,6/26/2019 19:36,0:12:25,Autoplayed: user action: Unspecified; ,Inside the Criminal Mind: Season 1: Serial Killers (Episode 1),,Worlds 4th Best TV,0:12:25,0:12:25,US (United States)
User4,6/24/2019 0:24,2:00:52,Autoplayed: user action: Unspecified; ,Snowpiercer,,Worlds 4th Best TV,2:00:53,2:00:53,US (United States)
User4,6/24/2019 0:00,0:22:19,Autoplayed: user action: None; ,Killer Women with Piers Morgan: Series 2: Episode 1,,Worlds 4th Best TV,0:22:19,0:22:19,US (United States)
User4,6/23/2019 23:13,0:46:21,Autoplayed: user action: None; ,Killer Women with Piers Morgan: Series 1: Episode 2,,Worlds 4th Best TV,0:46:21,0:46:21,US (United States)
User4,6/23/2019 22:19,0:46:01,Autoplayed: user action: Unspecified; ,Killer Women with Piers Morgan: Series 1: Episode 1,,Worlds 4th Best TV,0:46:01,0:46:01,US (United States)
User4,6/19/2019 2:23,0:25:13,,Christopher Robin,,Worlds 4th Best TV,0:25:13,0:25:13,US (United States)
User4,6/18/2019 20:18,0:00:52,Autoplayed: user action: Unspecified; ,Christopher Robin,,Worlds 4th Best TV,0:00:53,Not latest view,US (United States)
User4,6/8/2019 23:27,0:44:46,Autoplayed: user action: Unspecified; ,Planet Earth II: Season 1: Grasslands (Episode 5),,Worlds 4th Best TV,0:44:46,0:44:46,US (United States)
User4,3/17/2019 4:42,0:17:36,Autoplayed: user action: None; ,Planet Earth II: Season 1: Deserts (Episode 4),,Worlds 4th Best TV,0:18:06,0:18:06,US (United States)
User4,3/17/2019 3:57,0:45:00,,Planet Earth II: Season 1: Jungles (Episode 3),,Worlds 4th Best TV,0:49:22,0:49:22,US (United States)
User4,3/17/2019 1:11,0:03:54,Autoplayed: user action: None; ,Planet Earth II: Season 1: Jungles (Episode 3),,Worlds 4th Best TV,0:04:22,Not latest view,US (United States)
User4,3/17/2019 0:23,0:48:19,Autoplayed: user action: None; ,Planet Earth II: Season 1: Mountains (Episode 2),,Worlds 4th Best TV,0:48:49,0:48:49,US (United States)
User4,3/16/2019 23:32,0:50:15,Autoplayed: user action: Unspecified; ,Planet Earth II: Season 1: Islands (Episode 1),,Worlds 4th Best TV,0:50:15,0:50:15,US (United States)
User4,3/14/2019 4:25,1:20:26,Autoplayed: user action: Unspecified; ,Lilo & Stitch,,Worlds 4th Best TV,1:20:26,1:20:26,US (United States)
User4,3/14/2019 4:24,0:00:05,Autoplayed: user action: None; ,Meet the Robinsons,,Worlds 4th Best TV,0:00:05,0:00:05,US (United States)
